{
  "model_type": "ewma",
  "dataset": "Green-E_dataset",
  "alpha": 0.3,
  "group_by": [
    "route_id",
    "stop_sequence"
  ],
  "min_observations": 3,
  "n_groups": 40,
  "train_samples": 28376,
  "test_samples": 8108,
  "test_coverage": 1.0,
  "global_mean_eta": 302.06773329574287,
  "metrics": {
    "val_mae_seconds": 203.3557201448098,
    "val_mae_minutes": 3.3892620024134965,
    "val_rmse_seconds": 252.15700487536375,
    "val_rmse_minutes": 4.202616747922729,
    "val_mape": 270.5165428169176,
    "val_median_ae": 173.24044944586387,
    "val_bias_seconds": 16.80370434601153,
    "val_r2": -0.2716530493586409,
    "val_within_60s": 0.17710902812037493,
    "val_within_120s": 0.3569314257523434,
    "val_within_300s": 0.7594967932905772,
    "val_late_penalty_mae": 296.6317280442089,
    "val_error_q50": 173.24044944586387,
    "val_error_q90": 418.9661530715284,
    "val_error_q95": 491.8442652015592,
    "test_mae_seconds": 178.3380760765118,
    "test_mae_minutes": 2.9723012679418637,
    "test_rmse_seconds": 228.86587837061023,
    "test_rmse_minutes": 3.814431306176837,
    "test_mape": 232.26256482909068,
    "test_median_ae": 149.84818262916514,
    "test_bias_seconds": -18.859752436068646,
    "test_r2": -0.13991825614647024,
    "test_within_60s": 0.22459299457326098,
    "test_within_120s": 0.4135421805624075,
    "test_within_300s": 0.8210409472126295,
    "test_late_penalty_mae": 276.936990332802,
    "test_error_q50": 149.84818262916514,
    "test_error_q90": 354.4112797755112,
    "test_error_q95": 420.82779801475175
  },
  "model_key": "ewma_Green-E_dataset_route-temporal_20251027_153126_alpha=0_3",
  "saved_at": "2025-10-27T15:31:26.702546",
  "model_path": "models/trained/ewma_Green-E_dataset_route-temporal_20251027_153126_alpha=0_3.pkl"
}