{
  "model_type": "ewma",
  "dataset": "Green-E_dataset",
  "alpha": 0.3,
  "group_by": [
    "route_id",
    "stop_sequence",
    "hour"
  ],
  "min_observations": 3,
  "n_groups": 280,
  "train_samples": 28376,
  "test_samples": 8108,
  "test_coverage": 0.07153428712382832,
  "global_mean_eta": 302.06773329574287,
  "metrics": {
    "val_mae_seconds": 203.62218332847587,
    "val_mae_minutes": 3.3937030554745977,
    "val_rmse_seconds": 252.32043263607386,
    "val_rmse_minutes": 4.205340543934565,
    "val_mape": 271.3721163458313,
    "val_median_ae": 173.8642171278932,
    "val_bias_seconds": 17.077491251342362,
    "val_r2": -0.2733019486824262,
    "val_within_60s": 0.1758756783423779,
    "val_within_120s": 0.35619141588554515,
    "val_within_300s": 0.7592501233349778,
    "val_late_penalty_mae": 296.8945293670426,
    "val_error_q50": 173.8642171278932,
    "val_error_q90": 418.9661816584623,
    "val_error_q95": 491.84432024281307,
    "test_mae_seconds": 180.0497373656509,
    "test_mae_minutes": 3.000828956094182,
    "test_rmse_seconds": 217.90163728492547,
    "test_rmse_minutes": 3.6316939547487577,
    "test_mape": 320.18268400423244,
    "test_median_ae": 175.06773329574287,
    "test_bias_seconds": 37.86752865551451,
    "test_r2": -0.033314679326233776,
    "test_within_60s": 0.17044893931919092,
    "test_within_120s": 0.34718796250616674,
    "test_within_300s": 0.927109028120375,
    "test_late_penalty_mae": 251.1408417207191,
    "test_error_q50": 175.06773329574287,
    "test_error_q90": 291.06773329574287,
    "test_error_q95": 343.93226670425713
  },
  "model_key": "ewma_Green-E_dataset_route-temporal_20251027_153130_alpha=0_3",
  "saved_at": "2025-10-27T15:31:30.568347",
  "model_path": "models/trained/ewma_Green-E_dataset_route-temporal_20251027_153130_alpha=0_3.pkl"
}