{
  "model_type": "historical_mean",
  "dataset": "GreeD_GreenE_dataset",
  "group_by": [
    "route_id",
    "stop_sequence",
    "hour"
  ],
  "train_samples": 55776,
  "test_samples": 15937,
  "unique_groups": 603,
  "global_mean_eta": 339.58555651176135,
  "test_coverage": 0.07033946163016878,
  "metrics": {
    "val_mae_seconds": 188.48621053687847,
    "val_mae_minutes": 3.141436842281308,
    "val_rmse_seconds": 231.27304306809742,
    "val_rmse_minutes": 3.8545507178016236,
    "val_mape": 251.58293756565487,
    "val_median_ae": 170.12708719851577,
    "val_bias_seconds": 18.80827793184968,
    "val_r2": -0.15959913704745587,
    "val_within_60s": 0.18812751004016065,
    "val_within_120s": 0.35993975903614456,
    "val_within_300s": 0.8103664658634538,
    "val_late_penalty_mae": 273.32517683939284,
    "val_error_q50": 170.12708719851577,
    "val_error_q90": 368.41025641025647,
    "val_error_q95": 432.7021464646463,
    "test_mae_seconds": 203.6471012061657,
    "test_mae_minutes": 3.394118353436095,
    "test_rmse_seconds": 268.5121730883911,
    "test_rmse_minutes": 4.475202884806518,
    "test_mape": 332.0206534150948,
    "test_median_ae": 190.58555651176135,
    "test_bias_seconds": 47.89990676147698,
    "test_r2": -0.0380788039777038,
    "test_within_60s": 0.1540440484407354,
    "test_within_120s": 0.31254313860827004,
    "test_within_300s": 0.8064252996172429,
    "test_late_penalty_mae": 281.5206984285102,
    "test_error_q50": 190.58555651176135,
    "test_error_q90": 325.58555651176135,
    "test_error_q95": 378.41444348823865
  },
  "model_key": "historical_mean_GreeD_GreenE_dataset_route-temporal_20251027_161336",
  "saved_at": "2025-10-27T16:13:36.193921",
  "model_path": "models/trained/historical_mean_GreeD_GreenE_dataset_route-temporal_20251027_161336.pkl"
}