{
  "model_type": "polyreg_distance",
  "dataset": "Green-E_dataset",
  "degree": 2,
  "alpha": 1.0,
  "route_specific": false,
  "n_models": 1,
  "train_samples": 28376,
  "test_samples": 8108,
  "metrics": {
    "val_mae_seconds": 101.0088712727811,
    "val_mae_minutes": 1.683481187879685,
    "val_rmse_seconds": 134.69460659594094,
    "val_rmse_minutes": 2.244910109932349,
    "val_mape": 74.3569363727322,
    "val_median_ae": 66.31643713287721,
    "val_bias_seconds": -7.449721663203565,
    "val_r2": 0.6371501275154757,
    "val_within_60s": 0.45905278737049826,
    "val_within_120s": 0.6642821904292058,
    "val_within_300s": 0.9654662062160829,
    "val_late_penalty_mae": 155.23816774077343,
    "val_error_q50": 66.31643713287721,
    "val_error_q90": 228.02532941975647,
    "val_error_q95": 270.8534108595736,
    "test_mae_seconds": 101.09389401462049,
    "test_mae_minutes": 1.6848982335770082,
    "test_rmse_seconds": 144.679345795575,
    "test_rmse_minutes": 2.41132242992625,
    "test_mape": 87.7969104992005,
    "test_median_ae": 66.10036900876436,
    "test_bias_seconds": 12.35243723476151,
    "test_r2": 0.5444619224090218,
    "test_within_60s": 0.4662062160828811,
    "test_within_120s": 0.6894425259003454,
    "test_within_300s": 0.9707696102614701,
    "test_late_penalty_mae": 145.46462240455,
    "test_error_q50": 66.10036900876436,
    "test_error_q90": 224.5884267348156,
    "test_error_q95": 267.06515391482714
  },
  "model_key": "polyreg_distance_Green-E_dataset_distance_20251027_153123_degree=2_route_specific=no",
  "saved_at": "2025-10-27T15:31:23.308570",
  "model_path": "models/trained/polyreg_distance_Green-E_dataset_distance_20251027_153123_degree=2_route_specific=no.pkl"
}