{
  "model_type": "polyreg_time",
  "dataset": "GreeD_GreenE_dataset",
  "poly_degree": 2,
  "alpha": 1.0,
  "include_temporal": true,
  "include_operational": true,
  "include_weather": true,
  "handle_nan": "drop",
  "n_features": 6,
  "features": [
    "distance_to_stop",
    "hour",
    "day_of_week",
    "is_weekend",
    "is_peak_hour",
    "current_speed_kmh"
  ],
  "train_samples": 55776,
  "test_samples": 15937,
  "metrics": {
    "val_mae_seconds": 107.41798854915723,
    "val_mae_minutes": 1.7902998091526205,
    "val_rmse_seconds": 134.24933419909556,
    "val_rmse_minutes": 2.2374889033182592,
    "val_mape": 85.30883232489415,
    "val_median_ae": 89.35690898715825,
    "val_bias_seconds": 42.06393495865259,
    "val_r2": 0.609265161884355,
    "val_within_60s": 0.32831325301204817,
    "val_within_120s": 0.6307730923694779,
    "val_within_300s": 0.9723895582329317,
    "val_late_penalty_mae": 140.09501534440955,
    "val_error_q50": 89.35690898715825,
    "val_error_q90": 217.41537149012277,
    "val_error_q95": 259.4290028938885,
    "test_mae_seconds": 118.05428080457894,
    "test_mae_minutes": 1.9675713467429823,
    "test_rmse_seconds": 193.7685262911181,
    "test_rmse_minutes": 3.2294754381853017,
    "test_mape": 101.54860891798711,
    "test_median_ae": 91.21456355930684,
    "test_bias_seconds": 38.65748686057865,
    "test_r2": 0.45940896745373916,
    "test_within_60s": 0.3226454163267867,
    "test_within_120s": 0.6295413189433394,
    "test_within_300s": 0.9630419777875384,
    "test_late_penalty_mae": 157.75267777657905,
    "test_error_q50": 91.21456355930684,
    "test_error_q90": 220.5362925685771,
    "test_error_q95": 275.7262612358998
  },
  "model_key": "polyreg_time_GreeD_GreenE_dataset_operational-temporal_20251027_161343_degree=2_handle_nan=drop",
  "saved_at": "2025-10-27T16:13:43.927828",
  "model_path": "models/trained/polyreg_time_GreeD_GreenE_dataset_operational-temporal_20251027_161343_degree=2_handle_nan=drop.pkl"
}