{
  "model_type": "polyreg_distance",
  "dataset": "Green-E_dataset",
  "degree": 3,
  "alpha": 1.0,
  "route_specific": false,
  "n_models": 1,
  "train_samples": 28376,
  "test_samples": 8108,
  "metrics": {
    "val_mae_seconds": 98.57279939330748,
    "val_mae_minutes": 1.6428799898884578,
    "val_rmse_seconds": 131.11172761535084,
    "val_rmse_minutes": 2.1851954602558474,
    "val_mape": 61.77629325039929,
    "val_median_ae": 68.74423966997944,
    "val_bias_seconds": -7.017570892080588,
    "val_r2": 0.6561970154992272,
    "val_within_60s": 0.4506660088801184,
    "val_within_120s": 0.6783423778983719,
    "val_within_300s": 0.9708929452392698,
    "val_late_penalty_mae": 151.3679845360015,
    "val_error_q50": 68.74423966997944,
    "val_error_q90": 226.55861935066076,
    "val_error_q95": 266.4160591589552,
    "test_mae_seconds": 99.21758512007604,
    "test_mae_minutes": 1.653626418667934,
    "test_rmse_seconds": 141.96946540818053,
    "test_rmse_minutes": 2.3661577568030085,
    "test_mape": 74.76037404420727,
    "test_median_ae": 66.85534777451522,
    "test_bias_seconds": 12.61711757659896,
    "test_r2": 0.5613667941019505,
    "test_within_60s": 0.46090281203749384,
    "test_within_120s": 0.6906758756783424,
    "test_within_300s": 0.9750863344844598,
    "test_late_penalty_mae": 142.51781889181456,
    "test_error_q50": 66.85534777451522,
    "test_error_q90": 220.92219925564422,
    "test_error_q95": 255.99641825336954
  },
  "model_key": "polyreg_distance_Green-E_dataset_distance_20251027_153126_degree=3_route_specific=no",
  "saved_at": "2025-10-27T15:31:26.914035",
  "model_path": "models/trained/polyreg_distance_Green-E_dataset_distance_20251027_153126_degree=3_route_specific=no.pkl"
}