{
  "model_type": "polyreg_time",
  "dataset": "Green-E_dataset",
  "poly_degree": 2,
  "alpha": 1.0,
  "include_temporal": true,
  "include_operational": true,
  "include_weather": true,
  "handle_nan": "drop",
  "n_features": 6,
  "features": [
    "distance_to_stop",
    "hour",
    "day_of_week",
    "is_weekend",
    "is_peak_hour",
    "current_speed_kmh"
  ],
  "train_samples": 28376,
  "test_samples": 8108,
  "metrics": {
    "val_mae_seconds": 100.71320949864169,
    "val_mae_minutes": 1.6785534916440281,
    "val_rmse_seconds": 129.2578899932698,
    "val_rmse_minutes": 2.1542981665544967,
    "val_mape": 92.54489955096588,
    "val_median_ae": 77.32605733049868,
    "val_bias_seconds": 28.070838007683715,
    "val_r2": 0.665850599040172,
    "val_within_60s": 0.37469166255550074,
    "val_within_120s": 0.6877158362111495,
    "val_within_300s": 0.9733596447952639,
    "val_late_penalty_mae": 137.03439524412067,
    "val_error_q50": 77.32605733049868,
    "val_error_q90": 219.9602711693123,
    "val_error_q95": 269.51804611951917,
    "test_mae_seconds": 113.21111443177227,
    "test_mae_minutes": 1.8868519071962047,
    "test_rmse_seconds": 146.6391273815427,
    "test_rmse_minutes": 2.443985456359045,
    "test_mape": 123.17577609080617,
    "test_median_ae": 91.57208077001115,
    "test_bias_seconds": 58.8425310468469,
    "test_r2": 0.5320371823959318,
    "test_within_60s": 0.302910705476073,
    "test_within_120s": 0.6466452886038481,
    "test_within_300s": 0.9649728663048841,
    "test_late_penalty_mae": 140.39540612423497,
    "test_error_q50": 91.57208077001115,
    "test_error_q90": 228.6687863181721,
    "test_error_q95": 274.2806521166451
  },
  "model_key": "polyreg_time_Green-E_dataset_operational-temporal_20251027_153127_degree=2_handle_nan=drop",
  "saved_at": "2025-10-27T15:31:27.071084",
  "model_path": "models/trained/polyreg_time_Green-E_dataset_operational-temporal_20251027_153127_degree=2_handle_nan=drop.pkl"
}