{
  "model_type": "ewma",
  "dataset": "GreeD_GreenE_dataset",
  "alpha": 0.3,
  "group_by": [
    "route_id",
    "stop_sequence",
    "hour"
  ],
  "min_observations": 3,
  "n_groups": 604,
  "train_samples": 55776,
  "test_samples": 15937,
  "test_coverage": 0.07033946163016878,
  "global_mean_eta": 339.58555651176135,
  "metrics": {
    "val_mae_seconds": 213.4302088992185,
    "val_mae_minutes": 3.5571701483203086,
    "val_rmse_seconds": 264.39215158737176,
    "val_rmse_minutes": 4.406535859789529,
    "val_mape": 265.1651829886089,
    "val_median_ae": 183.23921732147107,
    "val_bias_seconds": 16.91901377425509,
    "val_r2": -0.5154966196287334,
    "val_within_60s": 0.1743222891566265,
    "val_within_120s": 0.3417419678714859,
    "val_within_300s": 0.7262801204819277,
    "val_late_penalty_mae": 311.68580646170017,
    "val_error_q50": 183.23921732147107,
    "val_error_q90": 439.98770725270975,
    "val_error_q95": 512.5120324539123,
    "test_mae_seconds": 202.7283045311392,
    "test_mae_minutes": 3.378805075518987,
    "test_rmse_seconds": 267.30373333211855,
    "test_rmse_minutes": 4.455062222201976,
    "test_mape": 326.5000605100197,
    "test_median_ae": 189.41444348823865,
    "test_bias_seconds": 46.461038148142144,
    "test_r2": -0.02875607687853665,
    "test_within_60s": 0.15379306017443684,
    "test_within_120s": 0.3146137918052331,
    "test_within_300s": 0.8076802409487357,
    "test_late_penalty_mae": 280.8619377226378,
    "test_error_q50": 189.41444348823865,
    "test_error_q90": 325.58555651176135,
    "test_error_q95": 375.41444348823865
  },
  "model_key": "ewma_GreeD_GreenE_dataset_route-temporal_20251027_161350_alpha=0_3",
  "saved_at": "2025-10-27T16:13:50.951525",
  "model_path": "models/trained/ewma_GreeD_GreenE_dataset_route-temporal_20251027_161350_alpha=0_3.pkl"
}