{
  "model_type": "ewma",
  "dataset": "GreeD_GreenE_dataset",
  "alpha": 0.3,
  "group_by": [
    "route_id",
    "stop_sequence"
  ],
  "min_observations": 3,
  "n_groups": 87,
  "train_samples": 55776,
  "test_samples": 15937,
  "test_coverage": 1.0,
  "global_mean_eta": 339.58555651176135,
  "metrics": {
    "val_mae_seconds": 211.49454665725085,
    "val_mae_minutes": 3.524909110954181,
    "val_rmse_seconds": 262.5054034097363,
    "val_rmse_minutes": 4.375090056828938,
    "val_mape": 260.52255013629735,
    "val_median_ae": 180.3349818574003,
    "val_bias_seconds": 13.029060142569517,
    "val_r2": -0.493944103622439,
    "val_within_60s": 0.17670682730923695,
    "val_within_120s": 0.3468875502008032,
    "val_within_300s": 0.7344377510040161,
    "val_late_penalty_mae": 310.72728991459155,
    "val_error_q50": 180.3349818574003,
    "val_error_q90": 437.2813132681595,
    "val_error_q95": 512.7054372777407,
    "test_mae_seconds": 201.65004332816596,
    "test_mae_minutes": 3.3608340554694327,
    "test_rmse_seconds": 283.57128315570293,
    "test_rmse_minutes": 4.726188052595049,
    "test_mape": 232.35584499599972,
    "test_median_ae": 159.391001673946,
    "test_bias_seconds": -29.697829288611917,
    "test_r2": -0.15778218178753667,
    "test_within_60s": 0.20330049570182593,
    "test_within_120s": 0.3838865533036331,
    "test_within_300s": 0.7896718328418146,
    "test_late_penalty_mae": 317.3239796365549,
    "test_error_q50": 159.391001673946,
    "test_error_q90": 393.32199239850286,
    "test_error_q95": 497.0474372662015
  },
  "model_key": "ewma_GreeD_GreenE_dataset_route-temporal_20251027_161343_alpha=0_3",
  "saved_at": "2025-10-27T16:13:43.294001",
  "model_path": "models/trained/ewma_GreeD_GreenE_dataset_route-temporal_20251027_161343_alpha=0_3.pkl"
}