{
  "model_type": "historical_mean",
  "dataset": "Green-E_dataset",
  "group_by": [
    "route_id",
    "stop_sequence",
    "hour"
  ],
  "train_samples": 28376,
  "test_samples": 8108,
  "unique_groups": 280,
  "global_mean_eta": 302.06773329574287,
  "test_coverage": 0.07153428712382832,
  "metrics": {
    "val_mae_seconds": 177.28030378599385,
    "val_mae_minutes": 2.9546717297665643,
    "val_rmse_seconds": 216.85589155545463,
    "val_rmse_minutes": 3.614264859257577,
    "val_mape": 247.95922400016696,
    "val_median_ae": 162.66558139534885,
    "val_bias_seconds": 0.667498968482134,
    "val_r2": 0.059477881060912674,
    "val_within_60s": 0.2035027133695116,
    "val_within_120s": 0.38085841144548593,
    "val_within_300s": 0.8428712382831771,
    "val_late_penalty_mae": 265.5867061947497,
    "val_error_q50": 162.66558139534885,
    "val_error_q90": 349.1961672473869,
    "val_error_q95": 416.48636363636354,
    "test_mae_seconds": 180.46420470592372,
    "test_mae_minutes": 3.0077367450987285,
    "test_rmse_seconds": 218.0821128743672,
    "test_rmse_minutes": 3.634701881239453,
    "test_mape": 322.95492475881525,
    "test_median_ae": 177.06773329574287,
    "test_bias_seconds": 40.155552937287396,
    "test_r2": -0.03502706026023983,
    "test_within_60s": 0.16884558460779478,
    "test_within_120s": 0.3444745929945733,
    "test_within_300s": 0.9284657128761716,
    "test_late_penalty_mae": 250.61853059024185,
    "test_error_q50": 177.06773329574287,
    "test_error_q90": 291.06773329574287,
    "test_error_q95": 343.93226670425713
  },
  "model_key": "historical_mean_Green-E_dataset_route-temporal_20251027_153123",
  "saved_at": "2025-10-27T15:31:23.198816",
  "model_path": "models/trained/historical_mean_Green-E_dataset_route-temporal_20251027_153123.pkl"
}