{
  "model_type": "polyreg_distance",
  "dataset": "GreeD_GreenE_dataset",
  "degree": 2,
  "alpha": 1.0,
  "route_specific": true,
  "n_models": 2,
  "train_samples": 55776,
  "test_samples": 15937,
  "metrics": {
    "val_mae_seconds": 113.78808960008307,
    "val_mae_minutes": 1.8964681600013844,
    "val_rmse_seconds": 143.03536284977076,
    "val_rmse_minutes": 2.383922714162846,
    "val_mape": 85.50125146483363,
    "val_median_ae": 92.24095120334937,
    "val_bias_seconds": 30.693757711132523,
    "val_r2": 0.556447840646574,
    "val_within_60s": 0.3520331325301205,
    "val_within_120s": 0.5886044176706827,
    "val_within_300s": 0.9725150602409639,
    "val_late_penalty_mae": 155.33525554455838,
    "val_error_q50": 92.24095120334937,
    "val_error_q90": 234.46955890771704,
    "val_error_q95": 270.0311086387202,
    "test_mae_seconds": 119.46015692175142,
    "test_mae_minutes": 1.9910026153625238,
    "test_rmse_seconds": 201.8954390725138,
    "test_rmse_minutes": 3.3649239845418966,
    "test_mape": 96.43845237304014,
    "test_median_ae": 84.82146331514411,
    "test_bias_seconds": 21.062622972904755,
    "test_r2": 0.4131117955266458,
    "test_within_60s": 0.3727803225199222,
    "test_within_120s": 0.6265922068143315,
    "test_within_300s": 0.9637321955198594,
    "test_late_penalty_mae": 168.65892389617474,
    "test_error_q50": 84.82146331514411,
    "test_error_q90": 232.4854551642948,
    "test_error_q95": 278.2802939388962
  },
  "model_key": "polyreg_distance_GreeD_GreenE_dataset_distance_20251027_161343_degree=2_route_specific=yes",
  "saved_at": "2025-10-27T16:13:43.488583",
  "model_path": "models/trained/polyreg_distance_GreeD_GreenE_dataset_distance_20251027_161343_degree=2_route_specific=yes.pkl"
}