{
  "model_type": "polyreg_distance",
  "dataset": "GreeD_GreenE_dataset",
  "degree": 3,
  "alpha": 1.0,
  "route_specific": false,
  "n_models": 1,
  "train_samples": 55776,
  "test_samples": 15937,
  "metrics": {
    "val_mae_seconds": 115.07092762128921,
    "val_mae_minutes": 1.9178487936881536,
    "val_rmse_seconds": 144.6602968203363,
    "val_rmse_minutes": 2.411004947005605,
    "val_mape": 79.64604331765742,
    "val_median_ae": 94.68512674528748,
    "val_bias_seconds": 30.508160726403148,
    "val_r2": 0.5463127676307029,
    "val_within_60s": 0.35956325301204817,
    "val_within_120s": 0.5739206827309237,
    "val_within_300s": 0.9717620481927711,
    "val_late_penalty_mae": 157.35231106873226,
    "val_error_q50": 94.68512674528748,
    "val_error_q90": 235.59755671317495,
    "val_error_q95": 270.4510296183838,
    "test_mae_seconds": 119.9525494391816,
    "test_mae_minutes": 1.9992091573196933,
    "test_rmse_seconds": 202.0064219057079,
    "test_rmse_minutes": 3.366773698428465,
    "test_mape": 88.59479884687285,
    "test_median_ae": 83.96342677401618,
    "test_bias_seconds": 21.404002989225067,
    "test_r2": 0.4124663879991807,
    "test_within_60s": 0.3936750956892765,
    "test_within_120s": 0.6196272824245467,
    "test_within_300s": 0.9632302189872624,
    "test_late_penalty_mae": 169.2268226641599,
    "test_error_q50": 83.96342677401618,
    "test_error_q90": 234.33307725852058,
    "test_error_q95": 274.8348733878997
  },
  "model_key": "polyreg_distance_GreeD_GreenE_dataset_distance_20251027_161343_degree=3_route_specific=no",
  "saved_at": "2025-10-27T16:13:43.662321",
  "model_path": "models/trained/polyreg_distance_GreeD_GreenE_dataset_distance_20251027_161343_degree=3_route_specific=no.pkl"
}