{
  "model_type": "polyreg_distance",
  "dataset": "GreeD_GreenE_dataset",
  "degree": 2,
  "alpha": 1.0,
  "route_specific": false,
  "n_models": 1,
  "train_samples": 55776,
  "test_samples": 15937,
  "metrics": {
    "val_mae_seconds": 118.33522017386228,
    "val_mae_minutes": 1.9722536695643713,
    "val_rmse_seconds": 147.4320048885588,
    "val_rmse_minutes": 2.45720008147598,
    "val_mape": 93.43295610102453,
    "val_median_ae": 97.47945470527691,
    "val_bias_seconds": 30.394819330767035,
    "val_r2": 0.5287608144870035,
    "val_within_60s": 0.31187248995983935,
    "val_within_120s": 0.5769327309236948,
    "val_within_300s": 0.9673694779116466,
    "val_late_penalty_mae": 162.30542059540986,
    "val_error_q50": 97.47945470527691,
    "val_error_q90": 238.62670606391822,
    "val_error_q95": 279.2548974659458,
    "test_mae_seconds": 123.5511068583619,
    "test_mae_minutes": 2.0591851143060316,
    "test_rmse_seconds": 203.81529586421217,
    "test_rmse_minutes": 3.3969215977368696,
    "test_mape": 104.74742241391077,
    "test_median_ae": 88.93672551283461,
    "test_bias_seconds": 21.426761865595083,
    "test_r2": 0.4018970945475846,
    "test_within_60s": 0.3289201229842505,
    "test_within_120s": 0.6077680868419402,
    "test_within_300s": 0.9589006713936123,
    "test_late_penalty_mae": 174.6132793547453,
    "test_error_q50": 88.93672551283461,
    "test_error_q90": 235.554625621601,
    "test_error_q95": 284.2655008122929
  },
  "model_key": "polyreg_distance_GreeD_GreenE_dataset_distance_20251027_161336_degree=2_route_specific=no",
  "saved_at": "2025-10-27T16:13:36.371801",
  "model_path": "models/trained/polyreg_distance_GreeD_GreenE_dataset_distance_20251027_161336_degree=2_route_specific=no.pkl"
}